{"name":"CheckClaimStatus","identifier":"AUOK5LI3WZ","description":null,"parentIntentSignature":null,"sampleUtterances":[{"utterance":"what is the current status for claim {ClaimNumber}"},{"utterance":"could you please check on the status of claim number {ClaimNumber}"},{"utterance":"I would like to check the status of claim {ClaimNumber}"},{"utterance":"please let me know the status for claim number {ClaimNumber}"},{"utterance":"may i get an update on the status of claim {ClaimNumber}"},{"utterance":"what is the status of my claim {ClaimNumber}"},{"utterance":"please check status of claim number {ClaimNumber}"},{"utterance":"could you look up the status for claim {ClaimNumber}"},{"utterance":"{ClaimNumber} claim status check"},{"utterance":"check status for {ClaimNumber}"},{"utterance":"status check for claim number {ClaimNumber}"},{"utterance":"what is status of claim number {ClaimNumber}"},{"utterance":"status check on {ClaimNumber}"},{"utterance":"status check"},{"utterance":"status check please"},{"utterance":"need help with an existing claim"},{"utterance":"existing claim"}],"intentConfirmationSetting":null,"intentClosingSetting":null,"initialResponseSetting":{"conditional":null,"codeHook":{"isActive":true,"invocationLabel":null,"postCodeHookSpecification":{"failureResponse":null,"failureNextStep":{"sessionAttributes":null,"dialogAction":{"type":"EndConversation","slotToElicit":null,"suppressNextMessage":null},"intent":null},"failureConditional":null,"successResponse":null,"successNextStep":{"sessionAttributes":null,"dialogAction":{"type":"ElicitSlot","slotToElicit":"ClaimNumber","suppressNextMessage":null},"intent":null},"successConditional":null,"timeoutResponse":null,"timeoutNextStep":{"sessionAttributes":null,"dialogAction":{"type":"EndConversation","slotToElicit":null,"suppressNextMessage":null},"intent":null},"timeoutConditional":null},"enableCodeHookInvocation":true},"nextStep":{"sessionAttributes":null,"dialogAction":{"type":"InvokeDialogCodeHook","slotToElicit":null,"suppressNextMessage":null},"intent":null},"initialResponse":null},"inputContexts":null,"outputContexts":null,"kendraConfiguration":null,"qnAIntentConfiguration":null,"bedrockAgentIntentConfiguration":null,"qInConnectIntentConfiguration":null,"dialogCodeHook":{"enabled":true},"fulfillmentCodeHook":null,"slotPriorities":[{"priority":1,"slotName":"ClaimNumber"},{"priority":2,"slotName":"Dataconfirm"}]}