{"name":"English (US)","identifier":"en_US","version":null,"description":null,"voiceSettings":{"engine":"neural","voiceId":"Danielle"},"nluConfidenceThreshold":0.4,"generativeAISettings":{"buildtimeSettings":{"descriptiveBotBuilderSpecification":{"enabled":true,"bedrockModelSpecification":{"modelArn":"arn:aws:bedrock:us-east-1::foundation-model/anthropic.claude-v2","customPrompt":null,"bedrockGuardrailConfiguration":null,"bedrockTraceStatus":null}},"sampleUtteranceGenerationSpecification":{"enabled":true,"bedrockModelSpecification":{"modelArn":"arn:aws:bedrock:us-east-1::foundation-model/anthropic.claude-v2","customPrompt":null,"bedrockGuardrailConfiguration":null,"bedrockTraceStatus":null}}},"runtimeSettings":{"slotResolutionImprovementSpecification":{"enabled":true,"bedrockModelSpecification":{"modelArn":"arn:aws:bedrock:us-east-1::foundation-model/anthropic.claude-v2","customPrompt":null,"bedrockGuardrailConfiguration":null,"bedrockTraceStatus":null}}}}}