{"name":"VerifyCustomer","identifier":"EF8OZITSYW","description":null,"parentIntentSignature":null,"sampleUtterances":[{"utterance":"Policy"},{"utterance":"VIN"}],"intentConfirmationSetting":null,"intentClosingSetting":null,"initialResponseSetting":{"conditional":null,"codeHook":{"isActive":true,"invocationLabel":null,"postCodeHookSpecification":{"failureResponse":null,"failureNextStep":{"sessionAttributes":null,"dialogAction":{"type":"EndConversation","slotToElicit":null,"suppressNextMessage":null},"intent":{"name":null,"slots":null}},"failureConditional":null,"successResponse":null,"successNextStep":{"sessionAttributes":null,"dialogAction":{"type":"ElicitSlot","slotToElicit":"Policy_VIN","suppressNextMessage":null},"intent":{"name":null,"slots":null}},"successConditional":null,"timeoutResponse":null,"timeoutNextStep":{"sessionAttributes":null,"dialogAction":{"type":"EndConversation","slotToElicit":null,"suppressNextMessage":null},"intent":{"name":null,"slots":null}},"timeoutConditional":null},"enableCodeHookInvocation":true},"nextStep":{"sessionAttributes":null,"dialogAction":{"type":"InvokeDialogCodeHook","slotToElicit":null,"suppressNextMessage":null},"intent":{"name":null,"slots":null}},"initialResponse":null},"inputContexts":null,"outputContexts":null,"kendraConfiguration":null,"qnAIntentConfiguration":null,"bedrockAgentIntentConfiguration":null,"qInConnectIntentConfiguration":null,"dialogCodeHook":{"enabled":true},"fulfillmentCodeHook":null,"slotPriorities":[{"priority":3,"slotName":"OTP"},{"priority":2,"slotName":"CommPref"},{"priority":1,"slotName":"Policy_VIN"},{"priority":8,"slotName":"DriverName"},{"priority":6,"slotName":"LossLocation"},{"priority":4,"slotName":"CarMake_Model"},{"priority":9,"slotName":"IncidentReport"},{"priority":5,"slotName":"LossDate"},{"priority":7,"slotName":"Details"}]}