{"name":"ClarifyUserQuery","identifier":"GQP8EITWGI","description":null,"parentIntentSignature":null,"sampleUtterances":[{"utterance":"Could you clarify what you mean?"},{"utterance":"I'm afraid I don't understand, could you rephrase?"},{"utterance":"Would you mind rephrasing your request? I want to make sure I understand correctly."},{"utterance":"Sorry, I'm not quite clear on what you're asking. Could you say that again in a different way?"},{"utterance":"I didn't quite get that. Could you please restate your question?"},{"utterance":"Apologies, but I didn't fully understand your query. Could you try wording it differently?"},{"utterance":"I'm having trouble understanding your question. Could you try asking in another way?"},{"utterance":"I'm not sure I follow what you're asking. Would you mind clarifying?"},{"utterance":"Pardon me, but your request was unclear. Could you please rephrase it?"},{"utterance":"What exactly are you asking me to do? I'd like some clarification, please."}],"intentConfirmationSetting":null,"intentClosingSetting":null,"initialResponseSetting":{"conditional":null,"codeHook":{"isActive":true,"invocationLabel":null,"postCodeHookSpecification":{"failureResponse":null,"failureNextStep":{"sessionAttributes":null,"dialogAction":{"type":"EndConversation","slotToElicit":null,"suppressNextMessage":null},"intent":null},"failureConditional":null,"successResponse":null,"successNextStep":{"sessionAttributes":null,"dialogAction":{"type":"EndConversation","slotToElicit":null,"suppressNextMessage":null},"intent":null},"successConditional":null,"timeoutResponse":null,"timeoutNextStep":{"sessionAttributes":null,"dialogAction":{"type":"EndConversation","slotToElicit":null,"suppressNextMessage":null},"intent":null},"timeoutConditional":null},"enableCodeHookInvocation":true},"nextStep":{"sessionAttributes":null,"dialogAction":{"type":"InvokeDialogCodeHook","slotToElicit":null,"suppressNextMessage":null},"intent":null},"initialResponse":null},"inputContexts":null,"outputContexts":null,"kendraConfiguration":null,"qnAIntentConfiguration":null,"bedrockAgentIntentConfiguration":null,"qInConnectIntentConfiguration":null,"dialogCodeHook":null,"fulfillmentCodeHook":null,"slotPriorities":[]}